{
  "strategies": {
    "A_SELL_ALL_TP1": {
      "label": "Sell all at TP1",
      "total_trades": 72,
      "wins": 25,
      "losses": 47,
      "flat": 0,
      "win_rate_pct": 34.72222222222222,
      "gross_profit_usdt": 315.55407202906787,
      "gross_loss_usdt": 511.04780704250936,
      "profit_factor": 0.6174648783940869,
      "net_pnl_usdt": -195.49373501344132,
      "total_fees_usdt": 28.465944418810743,
      "max_drawdown_pct": -210.74171079129974,
      "max_drawdown_usdt": -218.09303852098066,
      "sharpe_annualized": -5.455824266272235,
      "avg_win_usdt": 12.622162881162716,
      "avg_loss_usdt": -10.873357596649136,
      "avg_duration_hours": 109.3211238734568,
      "avg_win_duration_hours": 102.21055026666667,
      "avg_loss_duration_hours": 113.10334387706857,
      "by_outcome": {
        "FULL_TIMEOUT": 28,
        "FULL_SL": 27,
        "ALL_TPS_FILLED": 17
      }
    },
    "B_TIERED_FIXED_SL": {
      "label": "60/30/10 at TP1/TP2/TP3, fixed SL",
      "total_trades": 72,
      "wins": 23,
      "losses": 49,
      "flat": 0,
      "win_rate_pct": 31.944444444444443,
      "gross_profit_usdt": 339.07972880703875,
      "gross_loss_usdt": 517.3997070592997,
      "profit_factor": 0.6553535384359553,
      "net_pnl_usdt": -178.31997825226082,
      "total_fees_usdt": 28.50036076502553,
      "max_drawdown_pct": -256.9567947825262,
      "max_drawdown_usdt": -250.60028435782803,
      "sharpe_annualized": -5.608865253926942,
      "avg_win_usdt": 14.742596904653858,
      "avg_loss_usdt": -10.559177695087747,
      "avg_duration_hours": 130.53132700617283,
      "avg_win_duration_hours": 166.4629731400966,
      "avg_loss_duration_hours": 113.66545229024943,
      "by_outcome": {
        "FULL_TIMEOUT": 28,
        "FULL_SL": 27,
        "ALL_TPS_FILLED": 8,
        "PARTIAL+TIMEOUT": 6,
        "PARTIAL+SL": 3
      }
    },
    "C_TIERED_TRAIL_AFTER_TP1": {
      "label": "60/30/10 at TPs, trailing 5% after TP1",
      "total_trades": 72,
      "wins": 25,
      "losses": 47,
      "flat": 0,
      "win_rate_pct": 34.72222222222222,
      "gross_profit_usdt": 307.96457810156363,
      "gross_loss_usdt": 511.04780704250936,
      "profit_factor": 0.6026140291723175,
      "net_pnl_usdt": -203.08322894094556,
      "total_fees_usdt": 28.450735012142395,
      "max_drawdown_pct": -217.35519365674426,
      "max_drawdown_usdt": -226.31762335757585,
      "sharpe_annualized": -5.695160542003772,
      "avg_win_usdt": 12.318583124062545,
      "avg_loss_usdt": -10.873357596649136,
      "avg_duration_hours": 110.26195067901234,
      "avg_win_duration_hours": 104.92013146666666,
      "avg_loss_duration_hours": 113.10334387706857,
      "by_outcome": {
        "FULL_TIMEOUT": 28,
        "FULL_SL": 27,
        "PARTIAL+TRAIL": 15,
        "ALL_TPS_FILLED": 2
      }
    }
  },
  "position_size_usdt": 100.0,
  "max_concurrent": 0,
  "fee_bps": 20.0,
  "init_cash": 100.0,
  "usdt_to_aud": 1.378929950358522,
  "max_hold_days": 14,
  "generated_at": "2026-05-12T13:22:49.112917+00:00",
  "trailing_stop_pct": 5.0,
  "data_source_counts": {
    "binance": 129,
    "coingecko": 69,
    "ccxt_global": 18
  },
  "best_by": {
    "net_pnl_usdt": "B_TIERED_FIXED_SL",
    "profit_factor": "B_TIERED_FIXED_SL",
    "win_rate_pct": "A_SELL_ALL_TP1",
    "sharpe_annualized": "A_SELL_ALL_TP1",
    "max_drawdown_pct": "B_TIERED_FIXED_SL"
  }
}